-- 智慧物业管理系统 SaaS 多租户版初始化演示数据
SET NAMES utf8mb4;
USE property_saas;

INSERT INTO sys_tenant_package(package_id, package_name, package_code, price, billing_cycle, enabled_modules, quotas, status)
VALUES
(1, '标准版', 'STANDARD', 9800.00, 'YEAR', JSON_ARRAY('base','fee','payment','service','report'), JSON_OBJECT('project',5,'user',50,'house',5000,'storageMb',10240,'sms',5000), 'ACTIVE'),
(2, '旗舰版', 'ULTIMATE', 19800.00, 'YEAR', JSON_ARRAY('base','fee','payment','service','lease','patrol','device','report'), JSON_OBJECT('project',20,'user',200,'house',30000,'storageMb',102400,'sms',30000), 'ACTIVE');

INSERT INTO sys_tenant(tenant_id, tenant_name, tenant_code, contact_name, contact_mobile, package_id, service_start_date, service_end_date, status)
VALUES
(1, '演示物业A公司', 'TENANT_A', '张经理', '13800000001', 2, '2026-06-01', '2027-05-31', 'ACTIVE'),
(2, '演示物业B公司', 'TENANT_B', '李经理', '13800000002', 1, '2026-06-01', '2027-05-31', 'ACTIVE');

INSERT INTO sys_tenant_config(config_id, tenant_id, logo_url, service_phone)
VALUES
(1, 1, '', '0718-0000001'),
(2, 2, '', '0718-0000002');

INSERT INTO tenant_pay_config(pay_config_id, tenant_id, project_id, pay_channel, merchant_mode, mch_id, sub_mch_id, app_id, api_v3_key_encrypted, cert_serial_no, settlement_mode, notify_url, status)
VALUES
(1, 1, NULL, 'WECHAT', 'NORMAL_MCH', 'demo_mch_1001', NULL, 'wx_demo_app_1001', 'change_me_encrypted', 'demo_cert_1001', 'TENANT_DIRECT', 'https://api.example.com/api/payment/wechat/notify', 'ACTIVE'),
(2, 2, NULL, 'WECHAT', 'NORMAL_MCH', 'demo_mch_2001', NULL, 'wx_demo_app_2001', 'change_me_encrypted', 'demo_cert_2001', 'TENANT_DIRECT', 'https://api.example.com/api/payment/wechat/notify', 'ACTIVE');

INSERT INTO sys_user(user_id, tenant_id, username, real_name, mobile, password_hash, user_type, status)
VALUES
(1, NULL, 'platform_admin', '平台管理员', '13900000000', '$2a$10$0cHYTw8z6lWqatoUjQh/rOZAJxJiePlrFlCNCJts4KxHBAol0vizm', 'PLATFORM', 'ACTIVE'),
(1001, 1, 'tenant_a_admin', 'A公司管理员', '13900000001', '$2a$10$0cHYTw8z6lWqatoUjQh/rOZAJxJiePlrFlCNCJts4KxHBAol0vizm', 'TENANT', 'ACTIVE'),
(2001, 2, 'tenant_b_admin', 'B公司管理员', '13900000002', '$2a$10$0cHYTw8z6lWqatoUjQh/rOZAJxJiePlrFlCNCJts4KxHBAol0vizm', 'TENANT', 'ACTIVE');

INSERT INTO sys_role(role_id, tenant_id, role_name, role_code, role_level, data_scope, status)
VALUES
(1, NULL, '平台超级管理员', 'PLATFORM_ADMIN', 'PLATFORM', 'ALL_TENANT', 'ACTIVE'),
(1001, 1, '租户管理员', 'TENANT_ADMIN', 'TENANT', 'ALL_TENANT', 'ACTIVE'),
(2001, 2, '租户管理员', 'TENANT_ADMIN', 'TENANT', 'ALL_TENANT', 'ACTIVE');

INSERT INTO sys_user_role(id, tenant_id, user_id, role_id)
VALUES
(1, NULL, 1, 1),
(1001, 1, 1001, 1001),
(2001, 2, 2001, 2001);

INSERT INTO sys_menu(menu_id, parent_id, menu_name, menu_type, permission_code, route_path, api_path, module_code, sort_no, visible, status)
VALUES
(1, 0, '租户管理', 'API', 'platform:tenant:list', '/platform/tenants', '/api/platform/tenants', 'platform', 10, 1, 'ACTIVE'),
(2, 0, '项目管理', 'API', 'base:project:list', '/base/projects', '/api/base/projects', 'base', 20, 1, 'ACTIVE'),
(3, 0, '房屋管理', 'API', 'base:house:list', '/base/houses', '/api/base/houses', 'base', 30, 1, 'ACTIVE'),
(4, 0, '账单管理', 'API', 'fee:bill:list', '/fee/bills', '/api/fee/bills', 'fee', 40, 1, 'ACTIVE'),
(5, 0, '退款管理', 'API', 'payment:refund:create', '/payment/refunds', '/api/payment/refunds', 'payment', 50, 1, 'ACTIVE'),
(6, 0, '工单派单', 'API', 'service:workorder:dispatch', '/service/workorders', '/api/service/workorders/{workOrderId}/dispatch', 'service', 60, 1, 'ACTIVE'),
(7, 0, '收费报表', 'API', 'report:fee:view', '/reports/fee', '/api/report/fee/summary', 'report', 871, 1, 'ACTIVE'),
(88501, 0, '报表中心', 'API', 'report:center:view', '/reports', '/api/reports', 'report', 870, 1, 'ACTIVE'),
(88502, 0, '工单报表', 'API', 'report:workorder:view', '/reports/workorders', '/api/report/workorders/summary', 'report', 872, 1, 'ACTIVE'),
(88503, 0, '巡检报表', 'API', 'report:patrol:view', '/reports/patrol', '/api/report/patrol/summary', 'report', 873, 1, 'ACTIVE'),
(88504, 0, '租赁报表', 'API', 'report:lease:view', '/reports/lease', '/api/report/lease/summary', 'report', 874, 1, 'ACTIVE'),
(88505, 0, '平台运营报表', 'API', 'report:platform:view', '/platform/reports', '/api/report/platform/summary', 'report', 875, 1, 'ACTIVE'),
(80001, 0, '平台工作台', 'API', 'platform:dashboard:view', '/platform/dashboard', '/api/platform/dashboard', 'platform', 1, 1, 'ACTIVE'),
(80002, 0, '租户创建', 'API', 'platform:tenant:create', '/platform/tenants', '/api/platform/tenants', 'platform', 2, 1, 'ACTIVE'),
(80003, 0, '租户详情', 'API', 'platform:tenant:view', '/platform/tenants/:tenantId', '/api/platform/tenants/{tenantId}', 'platform', 3, 1, 'ACTIVE'),
(80004, 0, '租户修改', 'API', 'platform:tenant:update', '/platform/tenants/:tenantId', '/api/platform/tenants/{tenantId}', 'platform', 4, 1, 'ACTIVE'),
(80005, 0, '租户状态', 'API', 'platform:tenant:status', '/platform/tenants/:tenantId/status', '/api/platform/tenants/{tenantId}/status', 'platform', 5, 1, 'ACTIVE'),
(80006, 0, '租户配置查看', 'API', 'platform:tenant:config:view', '/platform/tenants/:tenantId/config', '/api/platform/tenants/{tenantId}/config', 'platform', 6, 1, 'ACTIVE'),
(80007, 0, '租户配置修改', 'API', 'platform:tenant:config:update', '/platform/tenants/:tenantId/config', '/api/platform/tenants/{tenantId}/config', 'platform', 7, 1, 'ACTIVE'),
(80008, 0, '套餐列表', 'API', 'platform:package:list', '/platform/packages', '/api/platform/packages', 'platform', 8, 1, 'ACTIVE'),
(80009, 0, '套餐创建', 'API', 'platform:package:create', '/platform/packages', '/api/platform/packages', 'platform', 9, 1, 'ACTIVE'),
(80010, 0, '用量统计', 'API', 'platform:usage:view', '/platform/usage', '/api/platform/usage', 'platform', 10, 1, 'ACTIVE'),
(81001, 0, '部门列表', 'API', 'system:dept:list', '/system/depts', '/api/system/depts', 'system', 101, 1, 'ACTIVE'),
(81002, 0, '部门创建', 'API', 'system:dept:create', '/system/depts', '/api/system/depts', 'system', 102, 1, 'ACTIVE'),
(81003, 0, '部门修改', 'API', 'system:dept:update', '/system/depts/:deptId', '/api/system/depts/{deptId}', 'system', 103, 1, 'ACTIVE'),
(81004, 0, '用户列表', 'API', 'system:user:list', '/system/users', '/api/system/users', 'system', 104, 1, 'ACTIVE'),
(81005, 0, '用户创建', 'API', 'system:user:create', '/system/users', '/api/system/users', 'system', 105, 1, 'ACTIVE'),
(81006, 0, '用户修改', 'API', 'system:user:update', '/system/users/:userId', '/api/system/users/{userId}', 'system', 106, 1, 'ACTIVE'),
(81007, 0, '用户状态', 'API', 'system:user:status', '/system/users/:userId/status', '/api/system/users/{userId}/status', 'system', 107, 1, 'ACTIVE'),
(81008, 0, '用户项目授权', 'API', 'system:user:project', '/system/users/:userId/projects', '/api/system/users/{userId}/projects', 'system', 108, 1, 'ACTIVE'),
(81009, 0, '角色列表', 'API', 'system:role:list', '/system/roles', '/api/system/roles', 'system', 109, 1, 'ACTIVE'),
(81010, 0, '角色创建', 'API', 'system:role:create', '/system/roles', '/api/system/roles', 'system', 110, 1, 'ACTIVE'),
(81011, 0, '角色修改', 'API', 'system:role:update', '/system/roles/:roleId', '/api/system/roles/{roleId}', 'system', 111, 1, 'ACTIVE'),
(81012, 0, '角色权限查看', 'API', 'system:role:menu:view', '/system/roles/:roleId/menus', '/api/system/roles/{roleId}/menus', 'system', 112, 1, 'ACTIVE'),
(81013, 0, '角色权限修改', 'API', 'system:role:menu:update', '/system/roles/:roleId/menus', '/api/system/roles/{roleId}/menus', 'system', 113, 1, 'ACTIVE'),
(81014, 0, '菜单权限列表', 'API', 'system:menu:list', '/system/menus', '/api/system/menus', 'system', 114, 1, 'ACTIVE'),
(82001, 0, '项目创建', 'API', 'base:project:create', '/base/projects', '/api/base/projects', 'base', 201, 1, 'ACTIVE'),
(82002, 0, '项目详情', 'API', 'base:project:view', '/base/projects/:projectId', '/api/base/projects/{projectId}', 'base', 202, 1, 'ACTIVE'),
(82003, 0, '项目修改', 'API', 'base:project:update', '/base/projects/:projectId', '/api/base/projects/{projectId}', 'base', 203, 1, 'ACTIVE'),
(82004, 0, '楼栋列表', 'API', 'base:building:list', '/base/buildings', '/api/base/buildings', 'base', 204, 1, 'ACTIVE'),
(82005, 0, '楼栋创建', 'API', 'base:building:create', '/base/buildings', '/api/base/buildings', 'base', 205, 1, 'ACTIVE'),
(82006, 0, '楼栋详情', 'API', 'base:building:view', '/base/buildings/:buildingId', '/api/base/buildings/{buildingId}', 'base', 206, 1, 'ACTIVE'),
(82007, 0, '楼栋修改', 'API', 'base:building:update', '/base/buildings/:buildingId', '/api/base/buildings/{buildingId}', 'base', 207, 1, 'ACTIVE'),
(82008, 0, '单元列表', 'API', 'base:unit:list', '/base/units', '/api/base/units', 'base', 208, 1, 'ACTIVE'),
(82009, 0, '单元创建', 'API', 'base:unit:create', '/base/units', '/api/base/units', 'base', 209, 1, 'ACTIVE'),
(82010, 0, '单元详情', 'API', 'base:unit:view', '/base/units/:unitId', '/api/base/units/{unitId}', 'base', 210, 1, 'ACTIVE'),
(82011, 0, '单元修改', 'API', 'base:unit:update', '/base/units/:unitId', '/api/base/units/{unitId}', 'base', 211, 1, 'ACTIVE'),
(82012, 0, '房屋创建', 'API', 'base:house:create', '/base/houses', '/api/base/houses', 'base', 212, 1, 'ACTIVE'),
(82013, 0, '房屋详情', 'API', 'base:house:view', '/base/houses/:houseId', '/api/base/houses/{houseId}', 'base', 213, 1, 'ACTIVE'),
(82014, 0, '房屋修改', 'API', 'base:house:update', '/base/houses/:houseId', '/api/base/houses/{houseId}', 'base', 214, 1, 'ACTIVE'),
(82015, 0, '房屋导入', 'API', 'base:house:import', '/base/houses/import', '/api/base/houses/import', 'base', 215, 1, 'ACTIVE'),
(83001, 0, '会员列表', 'API', 'base:member:list', '/base/members', '/api/base/members', 'base', 301, 1, 'ACTIVE'),
(83002, 0, '房屋绑定审核列表', 'API', 'base:memberBinding:list', '/base/member-bindings', '/api/base/member-bindings', 'base', 302, 1, 'ACTIVE'),
(83003, 0, '房屋绑定审核', 'API', 'base:memberBinding:audit', '/base/member-bindings/:bindId/audit', '/api/base/member-bindings/{bindId}/audit', 'base', 303, 1, 'ACTIVE'),
(83004, 0, '房屋绑定解绑', 'API', 'base:memberBinding:unbind', '/base/member-bindings/:bindId/unbind', '/api/base/member-bindings/{bindId}/unbind', 'base', 304, 1, 'ACTIVE'),
(84001, 0, '车位列表', 'API', 'base:parkingSpace:list', '/base/parking-spaces', '/api/base/parking-spaces', 'base', 401, 1, 'ACTIVE'),
(84002, 0, '车位创建', 'API', 'base:parkingSpace:create', '/base/parking-spaces', '/api/base/parking-spaces', 'base', 402, 1, 'ACTIVE'),
(84003, 0, '车位详情', 'API', 'base:parkingSpace:view', '/base/parking-spaces/:spaceId', '/api/base/parking-spaces/{spaceId}', 'base', 403, 1, 'ACTIVE'),
(84004, 0, '车位修改', 'API', 'base:parkingSpace:update', '/base/parking-spaces/:spaceId', '/api/base/parking-spaces/{spaceId}', 'base', 404, 1, 'ACTIVE'),
(84005, 0, '车辆列表', 'API', 'base:vehicle:list', '/base/vehicles', '/api/base/vehicles', 'base', 405, 1, 'ACTIVE'),
(84006, 0, '车辆创建', 'API', 'base:vehicle:create', '/base/vehicles', '/api/base/vehicles', 'base', 406, 1, 'ACTIVE'),
(84007, 0, '车辆详情', 'API', 'base:vehicle:view', '/base/vehicles/:vehicleId', '/api/base/vehicles/{vehicleId}', 'base', 407, 1, 'ACTIVE'),
(84008, 0, '车辆修改', 'API', 'base:vehicle:update', '/base/vehicles/:vehicleId', '/api/base/vehicles/{vehicleId}', 'base', 408, 1, 'ACTIVE'),
(84009, 0, '车辆月租', 'API', 'base:vehicle:monthlyRent', '/base/vehicles/:vehicleId/monthly-rent', '/api/base/vehicles/{vehicleId}/monthly-rent', 'base', 409, 1, 'ACTIVE'),
(84010, 0, '停车同步记录', 'API', 'device:parking:list', '/device/parking', '/api/device/parking', 'device', 410, 1, 'ACTIVE'),
(88401, 0, '设备配置列表', 'API', 'device:config:list', '/device/configs', '/api/device/configs', 'device', 861, 1, 'ACTIVE'),
(88402, 0, '设备配置创建', 'API', 'device:config:create', '/device/configs', '/api/device/configs', 'device', 862, 1, 'ACTIVE'),
(88403, 0, '设备配置详情', 'API', 'device:config:view', '/device/configs/:deviceId', '/api/device/configs/{deviceId}', 'device', 863, 1, 'ACTIVE'),
(88404, 0, '设备配置修改', 'API', 'device:config:update', '/device/configs/:deviceId', '/api/device/configs/{deviceId}', 'device', 864, 1, 'ACTIVE'),
(88405, 0, '访客列表', 'API', 'device:visitor:list', '/device/visitors', '/api/device/visitors', 'device', 865, 1, 'ACTIVE'),
(88406, 0, '访客邀请创建', 'API', 'device:visitor:create', '/device/visitors', '/api/device/visitors', 'device', 866, 1, 'ACTIVE'),
(88407, 0, '门禁权限列表', 'API', 'device:access:list', '/device/access', '/api/device/access', 'device', 867, 1, 'ACTIVE'),
(88408, 0, '门禁权限创建', 'API', 'device:access:create', '/device/access', '/api/device/access', 'device', 868, 1, 'ACTIVE'),
(88409, 0, '门禁权限同步', 'API', 'device:access:sync', '/device/access/sync', '/api/device/access/sync', 'device', 869, 1, 'ACTIVE'),
(88410, 0, '门禁记录列表', 'API', 'device:access:record:list', '/device/access/records', '/api/device/access/records', 'device', 870, 1, 'ACTIVE'),
(88411, 0, '门禁记录写入', 'API', 'device:access:record:create', '/device/access/records', '/api/device/access/records', 'device', 871, 1, 'ACTIVE'),
(88412, 0, '小程序访客邀请', 'API', 'app:visitor:create', '/pages/visitor/create', '/api/app/visitors', 'app', 922, 1, 'ACTIVE'),
(85001, 0, '收费项目列表', 'API', 'fee:item:list', '/fee/items', '/api/fee/items', 'fee', 501, 1, 'ACTIVE'),
(85002, 0, '收费项目创建', 'API', 'fee:item:create', '/fee/items', '/api/fee/items', 'fee', 502, 1, 'ACTIVE'),
(85003, 0, '收费项目详情', 'API', 'fee:item:view', '/fee/items/:itemId', '/api/fee/items/{itemId}', 'fee', 503, 1, 'ACTIVE'),
(85004, 0, '收费项目修改', 'API', 'fee:item:update', '/fee/items/:itemId', '/api/fee/items/{itemId}', 'fee', 504, 1, 'ACTIVE'),
(85005, 0, '收费标准列表', 'API', 'fee:standard:list', '/fee/standards', '/api/fee/standards', 'fee', 505, 1, 'ACTIVE'),
(85006, 0, '收费标准创建', 'API', 'fee:standard:create', '/fee/standards', '/api/fee/standards', 'fee', 506, 1, 'ACTIVE'),
(85007, 0, '收费标准详情', 'API', 'fee:standard:view', '/fee/standards/:standardId', '/api/fee/standards/{standardId}', 'fee', 507, 1, 'ACTIVE'),
(85008, 0, '收费标准修改', 'API', 'fee:standard:update', '/fee/standards/:standardId', '/api/fee/standards/{standardId}', 'fee', 508, 1, 'ACTIVE'),
(85009, 0, '收费标准绑定列表', 'API', 'fee:standardBind:list', '/fee/standard-binds', '/api/fee/standard-binds', 'fee', 509, 1, 'ACTIVE'),
(85010, 0, '收费标准绑定创建', 'API', 'fee:standardBind:create', '/fee/standard-binds', '/api/fee/standard-binds', 'fee', 510, 1, 'ACTIVE'),
(86002, 0, '账单创建', 'API', 'fee:bill:create', '/fee/bills', '/api/fee/bills', 'fee', 602, 1, 'ACTIVE'),
(86003, 0, '账单详情', 'API', 'fee:bill:view', '/fee/bills/:billId', '/api/fee/bills/{billId}', 'fee', 603, 1, 'ACTIVE'),
(86004, 0, '批量生成账单', 'API', 'fee:bill:generate', '/fee/bills/generate', '/api/fee/bills/generate', 'fee', 604, 1, 'ACTIVE'),
(86005, 0, '账单导入', 'API', 'fee:bill:import', '/fee/bills/import', '/api/fee/bills/import', 'fee', 605, 1, 'ACTIVE'),
(86006, 0, '账单催缴', 'API', 'fee:bill:remind', '/fee/bills/remind', '/api/fee/bills/remind', 'fee', 606, 1, 'ACTIVE'),
(86007, 0, '账单作废', 'API', 'fee:bill:void', '/fee/bills/:billId/void', '/api/fee/bills/{billId}/void', 'fee', 607, 1, 'ACTIVE'),
(87001, 0, '支付订单创建', 'API', 'payment:order:create', '/payment/orders', '/api/payment/orders', 'payment', 701, 1, 'ACTIVE'),
(87002, 0, '支付订单列表', 'API', 'payment:order:list', '/payment/orders', '/api/payment/orders', 'payment', 702, 1, 'ACTIVE'),
(87003, 0, '支付流水列表', 'API', 'payment:transaction:list', '/payment/transactions', '/api/payment/transactions', 'payment', 703, 1, 'ACTIVE'),
(87004, 0, '退款列表', 'API', 'payment:refund:list', '/payment/refunds', '/api/payment/refunds', 'payment', 704, 1, 'ACTIVE'),
(87005, 0, '退款审批', 'API', 'payment:refund:audit', '/payment/refunds/:refundId/audit', '/api/payment/refunds/{refundId}/audit', 'payment', 705, 1, 'ACTIVE'),
(87006, 0, '支付对账', 'API', 'payment:reconcile:view', '/payment/reconcile', '/api/payment/reconcile', 'payment', 706, 1, 'ACTIVE'),
(88001, 0, '平台公告列表', 'API', 'platform:notice:list', '/platform/notices', '/api/platform/notices', 'platform', 11, 1, 'ACTIVE'),
(88002, 0, '平台公告发布', 'API', 'platform:notice:create', '/platform/notices', '/api/platform/notices', 'platform', 12, 1, 'ACTIVE'),
(88003, 0, '公告列表', 'API', 'service:notice:list', '/service/notices', '/api/service/notices', 'service', 801, 1, 'ACTIVE'),
(88004, 0, '公告发布', 'API', 'service:notice:create', '/service/notices', '/api/service/notices', 'service', 802, 1, 'ACTIVE'),
(88005, 0, '公告详情', 'API', 'service:notice:view', '/service/notices/:noticeId', '/api/service/notices/{noticeId}', 'service', 803, 1, 'ACTIVE'),
(88006, 0, '公告正式发布', 'API', 'service:notice:publish', '/service/notices/:noticeId/publish', '/api/service/notices/{noticeId}/publish', 'service', 804, 1, 'ACTIVE'),
(88007, 0, '公告撤回', 'API', 'service:notice:withdraw', '/service/notices/:noticeId/withdraw', '/api/service/notices/{noticeId}/withdraw', 'service', 805, 1, 'ACTIVE'),
(88008, 0, '消息记录列表', 'API', 'service:message:list', '/service/messages', '/api/service/messages', 'service', 806, 1, 'ACTIVE'),
(88009, 0, '小程序公告列表', 'API', 'app:notice:list', '/pages/notice/list', '/api/app/notices', 'app', 901, 1, 'ACTIVE'),
(88101, 0, '工单列表', 'API', 'service:workorder:list', '/service/workorders', '/api/service/workorders', 'service', 811, 1, 'ACTIVE'),
(88102, 0, '工单创建', 'API', 'service:workorder:create', '/service/workorders', '/api/service/workorders', 'service', 812, 1, 'ACTIVE'),
(88103, 0, '工单详情', 'API', 'service:workorder:view', '/service/workorders/:workOrderId', '/api/service/workorders/{workOrderId}', 'service', 813, 1, 'ACTIVE'),
(88104, 0, '工单受理', 'API', 'service:workorder:accept', '/service/workorders/:workOrderId/accept', '/api/service/workorders/{workOrderId}/accept', 'service', 814, 1, 'ACTIVE'),
(88105, 0, '工单驳回', 'API', 'service:workorder:reject', '/service/workorders/:workOrderId/reject', '/api/service/workorders/{workOrderId}/reject', 'service', 815, 1, 'ACTIVE'),
(88106, 0, '工单处理', 'API', 'service:workorder:process', '/service/workorders/:workOrderId/process', '/api/service/workorders/{workOrderId}/start', 'service', 816, 1, 'ACTIVE'),
(88107, 0, '工单回访', 'API', 'service:workorder:revisit', '/service/workorders/:workOrderId/revisit', '/api/service/workorders/{workOrderId}/revisit', 'service', 817, 1, 'ACTIVE'),
(88108, 0, '工单取消', 'API', 'service:workorder:cancel', '/service/workorders/:workOrderId/cancel', '/api/service/workorders/{workOrderId}/cancel', 'service', 818, 1, 'ACTIVE'),
(88109, 0, '工单SLA', 'API', 'service:workorder:sla', '/service/workorders/sla', '/api/service/workorders/sla/mark-overdue', 'service', 819, 1, 'ACTIVE'),
(88110, 0, '小程序工单创建', 'API', 'app:workorder:create', '/pages/workorder/create', '/api/app/workorders', 'app', 911, 1, 'ACTIVE'),
(88111, 0, '小程序工单列表', 'API', 'app:workorder:list', '/pages/workorder/list', '/api/app/workorders', 'app', 912, 1, 'ACTIVE'),
(88112, 0, '小程序工单详情', 'API', 'app:workorder:view', '/pages/workorder/detail', '/api/app/workorders/{workOrderId}', 'app', 913, 1, 'ACTIVE'),
(88113, 0, '小程序工单评价', 'API', 'app:workorder:evaluate', '/pages/workorder/detail', '/api/app/workorders/{workOrderId}/evaluate', 'app', 914, 1, 'ACTIVE'),
(88114, 0, '小程序投诉建议', 'API', 'app:complaint:create', '/pages/workorder/complaint', '/api/app/complaints', 'app', 915, 1, 'ACTIVE'),
(88201, 0, '巡检资产列表', 'API', 'patrol:asset:list', '/patrol/assets', '/api/patrol/assets', 'patrol', 821, 1, 'ACTIVE'),
(88202, 0, '巡检资产创建', 'API', 'patrol:asset:create', '/patrol/assets', '/api/patrol/assets', 'patrol', 822, 1, 'ACTIVE'),
(88203, 0, '巡检点位列表', 'API', 'patrol:point:list', '/patrol/points', '/api/patrol/points', 'patrol', 823, 1, 'ACTIVE'),
(88204, 0, '巡检点位创建', 'API', 'patrol:point:create', '/patrol/points', '/api/patrol/points', 'patrol', 824, 1, 'ACTIVE'),
(88205, 0, '巡检计划列表', 'API', 'patrol:plan:list', '/patrol/plans', '/api/patrol/plans', 'patrol', 825, 1, 'ACTIVE'),
(88206, 0, '巡检计划创建', 'API', 'patrol:plan:create', '/patrol/plans', '/api/patrol/plans', 'patrol', 826, 1, 'ACTIVE'),
(88207, 0, '巡检任务列表', 'API', 'patrol:task:list', '/patrol/tasks', '/api/patrol/tasks', 'patrol', 827, 1, 'ACTIVE'),
(88208, 0, '巡检任务创建', 'API', 'patrol:task:create', '/patrol/tasks', '/api/patrol/tasks', 'patrol', 828, 1, 'ACTIVE'),
(88209, 0, '巡检任务详情', 'API', 'patrol:task:view', '/patrol/tasks/:taskId', '/api/patrol/tasks/{taskId}', 'patrol', 829, 1, 'ACTIVE'),
(88210, 0, '提交巡检结果', 'API', 'patrol:task:submit', '/patrol/tasks/:taskId/submit', '/api/patrol/tasks/{taskId}/submit', 'patrol', 830, 1, 'ACTIVE'),
(88211, 0, '巡检异常整改', 'API', 'patrol:task:rectify', '/patrol/tasks/:taskId/items/:itemId/rectify', '/api/patrol/tasks/{taskId}/items/{itemId}/rectify', 'patrol', 831, 1, 'ACTIVE'),
(88212, 0, '巡检漏检标记', 'API', 'patrol:task:missed', '/patrol/tasks/mark-missed', '/api/patrol/tasks/mark-missed', 'patrol', 832, 1, 'ACTIVE'),
(88301, 0, '可租资源列表', 'API', 'lease:resource:list', '/lease/resources', '/api/lease/resources', 'lease', 841, 1, 'ACTIVE'),
(88302, 0, '可租资源创建', 'API', 'lease:resource:create', '/lease/resources', '/api/lease/resources', 'lease', 842, 1, 'ACTIVE'),
(88303, 0, '意向客户列表', 'API', 'lease:customer:list', '/lease/customers', '/api/lease/customers', 'lease', 843, 1, 'ACTIVE'),
(88304, 0, '意向客户创建', 'API', 'lease:customer:create', '/lease/customers', '/api/lease/customers', 'lease', 844, 1, 'ACTIVE'),
(88305, 0, '客户跟进', 'API', 'lease:customer:follow', '/lease/customers/:customerId/follows', '/api/lease/customers/{customerId}/follows', 'lease', 845, 1, 'ACTIVE'),
(88306, 0, '租赁合同列表', 'API', 'lease:contract:list', '/lease/contracts', '/api/lease/contracts', 'lease', 846, 1, 'ACTIVE'),
(88307, 0, '租赁合同创建', 'API', 'lease:contract:create', '/lease/contracts', '/api/lease/contracts', 'lease', 847, 1, 'ACTIVE'),
(88308, 0, '租赁合同详情', 'API', 'lease:contract:view', '/lease/contracts/:contractId', '/api/lease/contracts/{contractId}', 'lease', 848, 1, 'ACTIVE'),
(88309, 0, '租赁合同生效', 'API', 'lease:contract:activate', '/lease/contracts/:contractId/activate', '/api/lease/contracts/{contractId}/activate', 'lease', 849, 1, 'ACTIVE'),
(88310, 0, '租赁合同终止', 'API', 'lease:contract:terminate', '/lease/contracts/:contractId/terminate', '/api/lease/contracts/{contractId}/terminate', 'lease', 850, 1, 'ACTIVE'),
(88311, 0, '合同到期提醒', 'API', 'lease:contract:remind', '/lease/contracts/expire-remind', '/api/lease/contracts/expire-remind', 'lease', 851, 1, 'ACTIVE'),
(88312, 0, '小程序租赁合同', 'API', 'app:lease:contract:list', '/pages/lease/contracts', '/api/app/lease/contracts', 'app', 921, 1, 'ACTIVE');

INSERT IGNORE INTO sys_role_menu(id, tenant_id, role_id, menu_id)
VALUES
(1, NULL, 1, 1),
(880001, NULL, 1, 80001),
(880002, NULL, 1, 80002),
(880003, NULL, 1, 80003),
(880004, NULL, 1, 80004),
(880005, NULL, 1, 80005),
(880006, NULL, 1, 80006),
(880007, NULL, 1, 80007),
(880008, NULL, 1, 80008),
(880009, NULL, 1, 80009),
(880010, NULL, 1, 80010),
(880011, NULL, 1, 88001),
(880012, NULL, 1, 88002),
(899800, NULL, 1, 88505),
(1001, 1, 1001, 2),
(1002, 1, 1001, 3),
(1003, 1, 1001, 4),
(1004, 1, 1001, 5),
(1005, 1, 1001, 6),
(1006, 1, 1001, 7),
(881001, 1, 1001, 81001),
(881002, 1, 1001, 81002),
(881003, 1, 1001, 81003),
(881004, 1, 1001, 81004),
(881005, 1, 1001, 81005),
(881006, 1, 1001, 81006),
(881007, 1, 1001, 81007),
(881008, 1, 1001, 81008),
(881009, 1, 1001, 81009),
(881010, 1, 1001, 81010),
(881011, 1, 1001, 81011),
(881012, 1, 1001, 81012),
(881013, 1, 1001, 81013),
(881014, 1, 1001, 81014),
(883001, 1, 1001, 82001),
(883002, 1, 1001, 82002),
(883003, 1, 1001, 82003),
(883004, 1, 1001, 82004),
(883005, 1, 1001, 82005),
(883006, 1, 1001, 82006),
(883007, 1, 1001, 82007),
(883008, 1, 1001, 82008),
(883009, 1, 1001, 82009),
(883010, 1, 1001, 82010),
(883011, 1, 1001, 82011),
(883012, 1, 1001, 82012),
(883013, 1, 1001, 82013),
(883014, 1, 1001, 82014),
(883015, 1, 1001, 82015),
(885001, 1, 1001, 83001),
(885002, 1, 1001, 83002),
(885003, 1, 1001, 83003),
(885004, 1, 1001, 83004),
(887001, 1, 1001, 84001),
(887002, 1, 1001, 84002),
(887003, 1, 1001, 84003),
(887004, 1, 1001, 84004),
(887005, 1, 1001, 84005),
(887006, 1, 1001, 84006),
(887007, 1, 1001, 84007),
(887008, 1, 1001, 84008),
(887009, 1, 1001, 84009),
(887010, 1, 1001, 84010),
(889001, 1, 1001, 85001),
(889002, 1, 1001, 85002),
(889003, 1, 1001, 85003),
(889004, 1, 1001, 85004),
(889005, 1, 1001, 85005),
(889006, 1, 1001, 85006),
(889007, 1, 1001, 85007),
(889008, 1, 1001, 85008),
(889009, 1, 1001, 85009),
(889010, 1, 1001, 85010),
(891002, 1, 1001, 86002),
(891003, 1, 1001, 86003),
(891004, 1, 1001, 86004),
(891005, 1, 1001, 86005),
(891006, 1, 1001, 86006),
(891007, 1, 1001, 86007),
(893001, 1, 1001, 87001),
(893002, 1, 1001, 87002),
(893003, 1, 1001, 87003),
(895002, 1, 1001, 87004),
(895003, 1, 1001, 87005),
(895004, 1, 1001, 87006),
(897001, 1, 1001, 88003),
(897002, 1, 1001, 88004),
(897003, 1, 1001, 88005),
(897004, 1, 1001, 88006),
(897005, 1, 1001, 88007),
(897006, 1, 1001, 88008),
(897007, 1, 1001, 88009),
(899001, 1, 1001, 88101),
(899002, 1, 1001, 88102),
(899003, 1, 1001, 88103),
(899004, 1, 1001, 88104),
(899005, 1, 1001, 88105),
(899006, 1, 1001, 6),
(899007, 1, 1001, 88106),
(899008, 1, 1001, 88107),
(899009, 1, 1001, 88108),
(899010, 1, 1001, 88109),
(899011, 1, 1001, 88110),
(899012, 1, 1001, 88111),
(899013, 1, 1001, 88112),
(899014, 1, 1001, 88113),
(899015, 1, 1001, 88114),
(899201, 1, 1001, 88201),
(899202, 1, 1001, 88202),
(899203, 1, 1001, 88203),
(899204, 1, 1001, 88204),
(899205, 1, 1001, 88205),
(899206, 1, 1001, 88206),
(899207, 1, 1001, 88207),
(899208, 1, 1001, 88208),
(899209, 1, 1001, 88209),
(899210, 1, 1001, 88210),
(899211, 1, 1001, 88211),
(899212, 1, 1001, 88212),
(899401, 1, 1001, 88301),
(899402, 1, 1001, 88302),
(899403, 1, 1001, 88303),
(899404, 1, 1001, 88304),
(899405, 1, 1001, 88305),
(899406, 1, 1001, 88306),
(899407, 1, 1001, 88307),
(899408, 1, 1001, 88308),
(899409, 1, 1001, 88309),
(899410, 1, 1001, 88310),
(899411, 1, 1001, 88311),
(899412, 1, 1001, 88312),
(899601, 1, 1001, 88401),
(899602, 1, 1001, 88402),
(899603, 1, 1001, 88403),
(899604, 1, 1001, 88404),
(899605, 1, 1001, 88405),
(899606, 1, 1001, 88406),
(899607, 1, 1001, 88407),
(899608, 1, 1001, 88408),
(899609, 1, 1001, 88409),
(899610, 1, 1001, 88410),
(899611, 1, 1001, 88411),
(899612, 1, 1001, 88412),
(899801, 1, 1001, 88501),
(899802, 1, 1001, 7),
(899803, 1, 1001, 88502),
(899804, 1, 1001, 88503),
(899805, 1, 1001, 88504),
(2001, 2, 2001, 2),
(2002, 2, 2001, 3),
(2003, 2, 2001, 4),
(2004, 2, 2001, 7),
(882001, 2, 2001, 81001),
(882002, 2, 2001, 81002),
(882003, 2, 2001, 81003),
(882004, 2, 2001, 81004),
(882005, 2, 2001, 81005),
(882006, 2, 2001, 81006),
(882007, 2, 2001, 81007),
(882008, 2, 2001, 81008),
(882009, 2, 2001, 81009),
(882010, 2, 2001, 81010),
(882011, 2, 2001, 81011),
(882012, 2, 2001, 81012),
(882013, 2, 2001, 81013),
(882014, 2, 2001, 81014),
(884001, 2, 2001, 82001),
(884002, 2, 2001, 82002),
(884003, 2, 2001, 82003),
(884004, 2, 2001, 82004),
(884005, 2, 2001, 82005),
(884006, 2, 2001, 82006),
(884007, 2, 2001, 82007),
(884008, 2, 2001, 82008),
(884009, 2, 2001, 82009),
(884010, 2, 2001, 82010),
(884011, 2, 2001, 82011),
(884012, 2, 2001, 82012),
(884013, 2, 2001, 82013),
(884014, 2, 2001, 82014),
(884015, 2, 2001, 82015),
(886001, 2, 2001, 83001),
(886002, 2, 2001, 83002),
(886003, 2, 2001, 83003),
(886004, 2, 2001, 83004),
(888001, 2, 2001, 84001),
(888002, 2, 2001, 84002),
(888003, 2, 2001, 84003),
(888004, 2, 2001, 84004),
(888005, 2, 2001, 84005),
(888006, 2, 2001, 84006),
(888007, 2, 2001, 84007),
(888008, 2, 2001, 84008),
(888009, 2, 2001, 84009),
(888010, 2, 2001, 84010),
(890001, 2, 2001, 85001),
(890002, 2, 2001, 85002),
(890003, 2, 2001, 85003),
(890004, 2, 2001, 85004),
(890005, 2, 2001, 85005),
(890006, 2, 2001, 85006),
(890007, 2, 2001, 85007),
(890008, 2, 2001, 85008),
(890009, 2, 2001, 85009),
(890010, 2, 2001, 85010),
(892002, 2, 2001, 86002),
(892003, 2, 2001, 86003),
(892004, 2, 2001, 86004),
(892005, 2, 2001, 86005),
(892006, 2, 2001, 86006),
(892007, 2, 2001, 86007),
(894001, 2, 2001, 87001),
(894002, 2, 2001, 87002),
(894003, 2, 2001, 87003),
(896001, 2, 2001, 5),
(896002, 2, 2001, 87004),
(896003, 2, 2001, 87005),
(896004, 2, 2001, 87006),
(898001, 2, 2001, 88003),
(898002, 2, 2001, 88004),
(898003, 2, 2001, 88005),
(898004, 2, 2001, 88006),
(898005, 2, 2001, 88007),
(898006, 2, 2001, 88008),
(898007, 2, 2001, 88009),
(899101, 2, 2001, 88101),
(899102, 2, 2001, 88102),
(899103, 2, 2001, 88103),
(899104, 2, 2001, 88104),
(899105, 2, 2001, 88105),
(899106, 2, 2001, 6),
(899107, 2, 2001, 88106),
(899108, 2, 2001, 88107),
(899109, 2, 2001, 88108),
(899110, 2, 2001, 88109),
(899111, 2, 2001, 88110),
(899112, 2, 2001, 88111),
(899113, 2, 2001, 88112),
(899114, 2, 2001, 88113),
(899115, 2, 2001, 88114),
(899301, 2, 2001, 88201),
(899302, 2, 2001, 88202),
(899303, 2, 2001, 88203),
(899304, 2, 2001, 88204),
(899305, 2, 2001, 88205),
(899306, 2, 2001, 88206),
(899307, 2, 2001, 88207),
(899308, 2, 2001, 88208),
(899309, 2, 2001, 88209),
(899310, 2, 2001, 88210),
(899311, 2, 2001, 88211),
(899312, 2, 2001, 88212),
(899501, 2, 2001, 88301),
(899502, 2, 2001, 88302),
(899503, 2, 2001, 88303),
(899504, 2, 2001, 88304),
(899505, 2, 2001, 88305),
(899506, 2, 2001, 88306),
(899507, 2, 2001, 88307),
(899508, 2, 2001, 88308),
(899509, 2, 2001, 88309),
(899510, 2, 2001, 88310),
(899511, 2, 2001, 88311),
(899512, 2, 2001, 88312),
(899701, 2, 2001, 88401),
(899702, 2, 2001, 88402),
(899703, 2, 2001, 88403),
(899704, 2, 2001, 88404),
(899705, 2, 2001, 88405),
(899706, 2, 2001, 88406),
(899707, 2, 2001, 88407),
(899708, 2, 2001, 88408),
(899709, 2, 2001, 88409),
(899710, 2, 2001, 88410),
(899711, 2, 2001, 88411),
(899712, 2, 2001, 88412),
(899901, 2, 2001, 88501),
(899902, 2, 2001, 7),
(899903, 2, 2001, 88502),
(899904, 2, 2001, 88503),
(899905, 2, 2001, 88504);

INSERT INTO base_project(project_id, tenant_id, project_code, project_name, project_type, province, city, district, address, service_phone, status)
VALUES
(101, 1, 'A-PROJ-001', 'A公司阳光小区', 'RESIDENTIAL', '湖北省', '恩施州', '恩施市', '演示地址1号', '0718-1111111', 'ACTIVE'),
(201, 2, 'B-PROJ-001', 'B公司幸福小区', 'RESIDENTIAL', '湖北省', '恩施州', '恩施市', '演示地址2号', '0718-2222222', 'ACTIVE');

INSERT INTO base_building(building_id, tenant_id, project_id, building_name, building_code, floor_count, status)
VALUES
(10001, 1, 101, '1栋', 'A1', 18, 'ACTIVE'),
(20001, 2, 201, '1栋', 'B1', 18, 'ACTIVE');

INSERT INTO base_unit(unit_id, tenant_id, project_id, building_id, unit_name, status)
VALUES
(100001, 1, 101, 10001, '1单元', 'ACTIVE'),
(200001, 2, 201, 20001, '1单元', 'ACTIVE');

INSERT INTO base_house(house_id, tenant_id, project_id, building_id, unit_id, house_no, floor_no, building_area, house_usage, house_status)
VALUES
(1000001, 1, 101, 10001, 100001, '101', 1, 100.00, 'RESIDENTIAL', 'OCCUPIED'),
(2000001, 2, 201, 20001, 200001, '101', 1, 120.00, 'RESIDENTIAL', 'OCCUPIED');

INSERT INTO fee_item(item_id, tenant_id, item_code, item_name, item_type, status)
VALUES
(11001, 1, 'PROPERTY_FEE', '物业费', 'PERIODIC', 'ACTIVE'),
(21001, 2, 'PROPERTY_FEE', '物业费', 'PERIODIC', 'ACTIVE');

INSERT INTO fee_standard(standard_id, tenant_id, project_id, item_id, standard_name, charge_method, unit_price, cycle, effective_date, status)
VALUES
(12001, 1, 101, 11001, '住宅物业费标准', 'AREA', 1.5000, 'MONTH', '2026-01-01', 'ACTIVE'),
(22001, 2, 201, 21001, '住宅物业费标准', 'AREA', 1.8000, 'MONTH', '2026-01-01', 'ACTIVE');

INSERT INTO member_user(member_id, tenant_id, openid, unionid, mobile, real_name, status)
VALUES
(10001, 1, 'openid_tenant_a_10001', 'union_demo_10001', '13810000001', '王业主', 'ACTIVE'),
(20001, 2, 'openid_tenant_b_20001', 'union_demo_20001', '13820000001', '赵业主', 'ACTIVE');

INSERT INTO member_house_bind(bind_id, tenant_id, project_id, member_id, house_id, bind_role, real_name, mobile, status, effective_date)
VALUES
(13001, 1, 101, 10001, 1000001, 'OWNER', '王业主', '13810000001', 'APPROVED', '2026-06-01'),
(23001, 2, 201, 20001, 2000001, 'OWNER', '赵业主', '13820000001', 'APPROVED', '2026-06-01');

INSERT INTO fee_bill(bill_id, tenant_id, project_id, bill_no, item_id, standard_id, object_type, object_id, member_id, house_id, bill_period, receivable_amount, discount_amount, paid_amount, refund_amount, remaining_amount, due_date, status, source_type)
VALUES
(14001, 1, 101, 'BILL-A-202606-0001', 11001, 12001, 'HOUSE', 1000001, 10001, 1000001, '2026-06', 150.00, 0.00, 0.00, 0.00, 150.00, '2026-06-30', 'UNPAID', 'GENERATED'),
(24001, 2, 201, 'BILL-B-202606-0001', 21001, 22001, 'HOUSE', 2000001, 20001, 2000001, '2026-06', 216.00, 0.00, 0.00, 0.00, 216.00, '2026-06-30', 'UNPAID', 'GENERATED');

INSERT INTO pay_order(order_id, tenant_id, project_id, order_no, member_id, pay_channel, amount, subject, status, expire_at)
VALUES
(15001, 1, 101, 'PAY-A-202606-0001', 10001, 'WECHAT', 150.00, 'A公司阳光小区2026-06物业费', 'PENDING', '2026-06-30 23:59:59');

INSERT INTO pay_order_bill(id, tenant_id, project_id, order_id, bill_id, amount)
VALUES
(1500101, 1, 101, 15001, 14001, 150.00);

INSERT IGNORE INTO sys_menu(menu_id, parent_id, menu_name, menu_type, permission_code, route_path, api_path, module_code, sort_no, visible, status)
VALUES
(88901, 0, '消息派发', 'API', 'service:message:dispatch', '/service/messages', '/api/service/messages/dispatch-pending', 'service', 807, 1, 'ACTIVE'),
(88902, 0, '消息重试', 'API', 'service:message:retry', '/service/messages', '/api/service/messages/retry-failed', 'service', 808, 1, 'ACTIVE'),
(88903, 0, '导入批次列表', 'API', 'import:batch:list', '/import/batches', '/api/import/batches', 'import', 891, 1, 'ACTIVE'),
(88904, 0, '导入批次详情', 'API', 'import:batch:view', '/import/batches/:batchId', '/api/import/batches/{batchId}', 'import', 892, 1, 'ACTIVE'),
(88905, 0, '导入错误明细', 'API', 'import:batch:errors', '/import/batches/:batchId/errors', '/api/import/batches/{batchId}/errors', 'import', 893, 1, 'ACTIVE');

INSERT IGNORE INTO sys_role_menu(id, tenant_id, role_id, menu_id)
VALUES
(8890101, 1, 1001, 88901),
(8890102, 1, 1001, 88902),
(8890103, 1, 1001, 88903),
(8890104, 1, 1001, 88904),
(8890105, 1, 1001, 88905),
(8890201, 2, 2001, 88901),
(8890202, 2, 2001, 88902),
(8890203, 2, 2001, 88903),
(8890204, 2, 2001, 88904),
(8890205, 2, 2001, 88905);
